<?xml version="1.0" encoding="UTF-8"?>
<TableComparisons>

	<TableComparison>
		<FirstTableName>MY_DATABASE.dogs</FirstTableName>
		<SecondTableName>OTHER_DATABASE.dogs</SecondTableName>
		<FirstTableAlias>table_A</FirstTableAlias>
		<SecondTableAlias>table_B</SecondTableAlias>
		<PrimaryKey>id</PrimaryKey>
		<ColumnsFileName>dogColumns.txt</ColumnsFileName>
		<ColumnsInDoublesFileName>dogColumnsDoubles.txt</ColumnsInDoublesFileName>
		<OutputFileName>dogComparison.sql</OutputFileName>
	</TableComparison>
	
	<TableComparison>
		<FirstTableName>MY_DATABASE.cats</FirstTableName>
		<SecondTableName>OTHER_DATABASE.cats</SecondTableName>
		<FirstTableAlias>table_A</FirstTableAlias>
		<SecondTableAlias>table_B</SecondTableAlias>
		<PrimaryKey>id</PrimaryKey>
		<ColumnsFileName>catColumns.txt</ColumnsFileName>
		<ColumnsInDoublesFileName>catColumnsDoubles.txt</ColumnsInDoublesFileName>
		<OutputFileName>catComparison.sql</OutputFileName>
	</TableComparison>
	
	<TableComparison>
		<FirstTableName>MY_DATABASE.persons</FirstTableName>
		<SecondTableName>OTHER_DATABASE.persons</SecondTableName>
		<FirstTableAlias>table_A</FirstTableAlias>
		<SecondTableAlias>table_B</SecondTableAlias>
		<PrimaryKey>id</PrimaryKey>
		<ColumnsFileName>personColumns.txt</ColumnsFileName>
		<ColumnsInDoublesFileName>personColumnsDoubles.txt</ColumnsInDoublesFileName>
		<OutputFileName>personComparison.sql</OutputFileName>
	</TableComparison>

</TableComparisons>